{"IcoMoonType":"selection","icons":[{"icon":{"paths":["M1013.8 307.2c0 0-10-70.6-40.8-101.6-39-40.8-82.6-41-102.6-43.4-143.2-10.4-358.2-10.4-358.2-10.4h-0.4c0 0-215 0-358.2 10.4-20 2.4-63.6 2.6-102.6 43.4-30.8 31-40.6 101.6-40.6 101.6s-10.2 82.8-10.2 165.8v77.6c0 82.8 10.2 165.8 10.2 165.8s10 70.6 40.6 101.6c39 40.8 90.2 39.4 113 43.8 82 7.8 348.2 10.2 348.2 10.2s215.2-0.4 358.4-10.6c20-2.4 63.6-2.6 102.6-43.4 30.8-31 40.8-101.6 40.8-101.6s10.2-82.8 10.2-165.8v-77.6c-0.2-82.8-10.4-165.8-10.4-165.8zM406.2 644.8v-287.8l276.6 144.4-276.6 143.4z"],"tags":["youtube","brand","social"],"defaultCode":60061,"grid":16,"attrs":[]},"attrs":[],"properties":{"ligatures":"youtube, brand21","name":"youtube","order":2,"id":414,"prevSize":32,"code":60061},"setIdx":0,"setId":1,"iconIdx":413}],"height":1024,"metadata":{"name":"icomoon"},"preferences":{"showGlyphs":true,"showQuickUse":true,"showQuickUse2":true,"showSVGs":true,"fontPref":{"prefix":"icon-","metadata":{"fontFamily":"icomoon"},"metrics":{"emSize":1024,"baseline":6.25,"whitespace":50},"embed":false},"imagePref":{"prefix":"icon-","png":true,"useClassSelector":true,"color":0,"bgColor":16777215,"classSelector":".icon"},"historySize":50,"showCodes":true,"gridSize":16}}